<?xml version="1.0" encoding="UTF-8"?>
<beans xmlns="http://www.springframework.org/schema/beans" 
       xmlns:context="http://www.springframework.org/schema/context"
       xmlns:xsi="http://www.w3.org/2001/XMLSchema-instance" 
       xsi:schemaLocation="http://www.springframework.org/schema/beans 
                           http://www.springframework.org/schema/beans/spring-beans.xsd
                           http://www.springframework.org/schema/context 
                           http://www.springframework.org/schema/context/spring-context.xsd">
<!--  
  Root 공통빈
  DB관련 작업 (드라이버 로딩 , 템플릿 객체)
  view 작업 (공통 UI) (internalResourceViewResolver)
  
  import org.springframework.jdbc.datasource.DriverManagerDataSource;
  import org.springframework.jdbc.core.JdbcTemplate;
  
-->

 <bean id="driverManagerDataSource" class="org.springframework.jdbc.datasource.DriverManagerDataSource">
 	<property name="driverClassName" value="oracle.jdbc.driver.OracleDriver" />
 	<property name="url" value="jdbc:oracle:thin:@localhost:1521:XE" />
 	<property name="username" value="springuser" />
 	<property name="password" value="1004" />
 </bean>

 
 <!-- Mybatis 설정
기본 자바코드 : SqlMapConfig.xml 에서 설정했던 작업 (DB연결 ,mapper 설정)
파일 없어지고 설명파일안에서   > SqlSessionFactoryBean
기존 java 코드 : builder 사용 > Factory 객체 > sqlsession 생성 > 사용 

두개의 클래스가 위 작업 처리 
SqlSessionFactoryBean
SqlSessionTemplate

http://www.mybatis.org/spring/ko/sqlsession.html
 -->
<bean id="sqlSessionFactoryBean"  class="org.mybatis.spring.SqlSessionFactoryBean">
    <property name="dataSource" ref="driverManagerDataSource"></property>
    <property name="mapperLocations" value="classpath*:mapper/*xml" />
</bean> 

<bean id="sqlSession" class="org.mybatis.spring.SqlSessionTemplate">
  <constructor-arg index="0" ref="sqlSessionFactoryBean"/>
</bean>
<!-- Mybatis 설정  -->
 <!-- 공통 UI  -->
 
 <!-- 파일 업로드 지원 LIB -->
 <bean id="multipartResolver" class="org.springframework.web.multipart.commons.CommonsMultipartResolver" >
  		<property name="maxUploadSize" value="10485760"/>
	</bean>
	
 <bean id="bCryptPasswordEncoder" class="org.springframework.security.crypto.bcrypt.BCryptPasswordEncoder">
		<!-- <constructor-arg name="strength" value="20"></constructor-arg> -->
	</bean>
</beans>










