<?xml version="1.0" encoding="UTF-8"?>
<beans xmlns="http://www.springframework.org/schema/beans" 
       xmlns:context="http://www.springframework.org/schema/context"
       xmlns:xsi="http://www.w3.org/2001/XMLSchema-instance" 
       xsi:schemaLocation="http://www.springframework.org/schema/beans 
                           http://www.springframework.org/schema/beans/spring-beans.xsd
                           http://www.springframework.org/schema/context 
                           http://www.springframework.org/schema/context/spring-context.xsd">

<context:annotation-config />
<context:component-scan base-package="ncontroller" />

<bean id="noticeDao" class="dao.NewNoticeDao"></bean>
<bean id="memberDao" class="dao.NewMemberDao"></bean>

<!--Tiles 설정 (Bean 객체 생성 주입) -->
<bean id="tilesConfigurer" class="org.springframework.web.servlet.view.tiles2.TilesConfigurer">
	 <property name="definitions">
		  <list>
		   <value>/WEB-INF/spring/appServlet/Tiles.xml</value>
		  </list>
	 </property>
</bean>

<bean id="urlBasedViewResolver" class="org.springframework.web.servlet.view.UrlBasedViewResolver">
 	<property name="viewClass" value="org.springframework.web.servlet.view.tiles2.TilesView" />
</bean> 	
</beans>
