<?xml version="1.0" encoding="utf-8"?>
<!DOCTYPE tiles-definitions PUBLIC
       "-//Apache Software Foundation//DTD Tiles Configuration 2.1//EN"
       "http://tiles.apache.org/dtds/tiles-config_2_1.dtd">
 <tiles-definitions>
   <!-- 1단계 구성  
      단점 : 요청하는 JSP 개수 만큼 definition 만들어져 있어야 한다
    EX)  customer.notice    > content 구성 > notice.jsp
         customer.noticeReg > content 구성 > noticeReg.jsp
         
  -->
  
  <!-- 
  <definition name="customer.notice" template="/WEB-INF/views/customer/inc/layout.jsp">
     <put-attribute name="title"   value="kosta notice list" />
     <put-attribute name="header"  value="/WEB-INF/views/inc/header.jsp" />
     <put-attribute name="footer"  value="/WEB-INF/views/inc/footer.jsp" />
     <put-attribute name="aside"   value="/WEB-INF/views/customer/inc/aside.jsp" />
     <put-attribute name="visual"  value="/WEB-INF/views/customer/inc/visual.jsp" />
     <put-attribute name="content" value="/WEB-INF/views/customer/notice.jsp" />
   </definition>
  <definition name="customer.noticeReg" template="/WEB-INF/views/customer/inc/layout.jsp">
     <put-attribute name="title"   value="kosta notice list" />
     <put-attribute name="header"  value="/WEB-INF/views/inc/header.jsp" />
     <put-attribute name="footer"  value="/WEB-INF/views/inc/footer.jsp" />
     <put-attribute name="aside"   value="/WEB-INF/views/customer/inc/aside.jsp" />
     <put-attribute name="visual"  value="/WEB-INF/views/customer/inc/visual.jsp" />
     <put-attribute name="content" value="/WEB-INF/views/customer/noticeReg.jsp" />
  </definition> -->
  
  <!-- 2단계 구성  
     단점 : 요청하는 JSP 개수 만큼 definition 만들어져 있어야 한다
     위 단점을 극복하기 위해서 중복자원은 쓰고 싶지 않다
     상속 개념을 정의해서 다름 부분분  재정의 해서 사용
   -->
  <!--   
     <definition name="customer.notice" template="/WEB-INF/views/customer/inc/layout.jsp">
     <put-attribute name="title"   value="kosta notice list" />
     <put-attribute name="header"  value="/WEB-INF/views/inc/header.jsp" />
     <put-attribute name="footer"  value="/WEB-INF/views/inc/footer.jsp" />
     <put-attribute name="aside"   value="/WEB-INF/views/customer/inc/aside.jsp" />
     <put-attribute name="visual"  value="/WEB-INF/views/customer/inc/visual.jsp" />
     <put-attribute name="content" value="/WEB-INF/views/customer/notice.jsp" />
   </definition>
   <definition name="customer.noticeReg"  extends="customer.notice">
     <put-attribute name="title"   value="kosta notice noticeReg" />
      <put-attribute name="content" value="/WEB-INF/views/customer/noticeReg.jsp" />
   </definition>   
    -->
   <!-- 3단계 구성  
     단점 : 요청하는 JSP 개수 만큼 definition 만들어져 있어야 한다
     위 단점을 극복하기 위해서 중복자원은 쓰고 싶지 않다
     상속 개념을 정의해서 다름 부분분  재정의 해서 사용
     
     위 상속 구조가 [폴더구조]가 복잡해지면서 역시 반복적인 구조가 나올수 밖에 없다
    
     패턴을 사용해 보자
     
      [패턴]으로 처리하기 
       게시판(customer.*) : 폴더 개념으로 접근
      customer.* => notice 
      customer.* => notcieReg 
      customer.* => noticeDetail 
      customer.* .*. * {1}{2}{3} 
      customer.a.b.c -> {1} -> a  , {2} -> b , {3} -> c
      
      **개발자가 UrlBase 구성을 아래처럼
      **UrlBase > return customer.notice
                  return customer.noticeReg
                  
                  joinus.join
      해결 > 조금 > 폴더구조 만큼    definition 파일이 생성            
   --> 
<!--      <definition name="customer.*" template="/WEB-INF/views/customer/inc/layout.jsp"> 
          <put-attribute name="title"   value="kosta notice list" />
          <put-attribute name="header"  value="/WEB-INF/views/inc/header.jsp" /> 
          <put-attribute name="footer"  value="/WEB-INF/views/inc/footer.jsp" /> 
          <put-attribute name="aside"   value="/WEB-INF/views/customer/inc/aside.jsp" /> 
          <put-attribute name="visual"  value="/WEB-INF/views/customer/inc/visual.jsp" /> 
          <put-attribute name="content" value="/WEB-INF/views/customer/{1}.jsp" /> 
         </definition> 
         <definition name="joinus.*" template="/WEB-INF/views/joinus/inc/layout.jsp"> 
          <put-attribute name="title"  value="kosta notice list" /> 
          <put-attribute name="header" value="/WEB-INF/views/inc/header.jsp" /> 
          <put-attribute name="footer" value="/WEB-INF/views/inc/footer.jsp" /> 
          <put-attribute name="aside"  value="/WEB-INF/views/joinus/inc/aside.jsp" /> 
          <put-attribute name="visual" value="/WEB-INF/views/joinus/inc/visual.jsp" /> 
          <put-attribute name="content" value="/WEB-INF/views/joinus/{1}.jsp" /> 
         </definition>  -->
   
   
       <!-- 최종본 패턴을 사용 -->
       <!--  return home.index  -->
         <definition name="home.*" template="/WEB-INF/views/inc/layout.jsp"> 
            <put-attribute name="header"  value="/WEB-INF/views/inc/header.jsp" /> 
          <put-attribute name="footer" value="/WEB-INF/views/inc/footer.jsp" /> 
          <put-attribute name="content" value="/WEB-INF/views/{1}.jsp" /> 
         </definition>
      	<definition name="*.*" template="/WEB-INF/views/{1}/inc/layout.jsp"> 
          <put-attribute name="title"  value="wecome to kosta" /> 
          <put-attribute name="css" value="{2}.css" />
          <put-attribute name="header"  value="/WEB-INF/views/inc/header.jsp" /> 
          <put-attribute name="footer"  value="/WEB-INF/views/inc/footer.jsp" />
          <put-attribute name="aside"   value="/WEB-INF/views/{1}/inc/aside.jsp" />
          <put-attribute name="visual"  value="/WEB-INF/views/{1}/inc/visual.jsp" />
          <put-attribute name="content" value="/WEB-INF/views/{1}/{2}.jsp" />
         </definition> 
 </tiles-definitions>  