<?xml version="1.0" encoding="UTF-8"?>
<beans xmlns="http://www.springframework.org/schema/beans"
	xmlns:xsi="http://www.w3.org/2001/XMLSchema-instance"
	xsi:schemaLocation="http://www.springframework.org/schema/beans http://www.springframework.org/schema/beans/spring-beans.xsd">
	
	<!-- 공통 DB작업  -->
 <bean id="driverManagerDataSource" class="org.springframework.jdbc.datasource.DriverManagerDataSource">
 	<property name="driverClassName" value="oracle.jdbc.driver.OracleDriver" />
 	<property name="url" value="jdbc:oracle:thin:@localhost:1521:XE" />
 	<property name="username" value="springuser" />
 	<property name="password" value="1004" />
 </bean>
 <bean id="" class="org.springframework.jdbc.core.JdbcTemplate" >
 	<property name="dataSource" ref="driverManagerDataSource"></property>
 </bean>
 
 <!-- 공통 UI  -->
 
 
 <!-- 파일 업로드 지원 LIB -->
 <bean id="multipartResolver" class="org.springframework.web.multipart.commons.CommonsMultipartResolver" >
  		<property name="maxUploadSize" value="10485760"/>
	</bean>
</beans>

