<?xml version="1.0" encoding="UTF-8" ?>
<!DOCTYPE mapper PUBLIC "-//mybatis.org//DTD Mapper 3.0//EN" "http://mybatis.org/dtd/mybatis-3-mapper.dtd">
<mapper namespace="dao.MemberDao">
	<insert id="insert">
		<!-- insert into member(userid, pwd, name, gender, birth, is_lunar, cphone, email, habit, regdate, point)
		values(#{userid}, #{pwd}, #{name}, #{gender}, #{birth}, #{isLunar}, #{cphone}, #{email}, #{habit}, sysdate, 0) -->
		insert into member(userid, pwd, name,regdate)
		values(#{userid}, #{pwd}, #{name},sysdate)
	</insert>

	
	<select id="getMember" resultType="vo.Member">
		select * from member where userid=#{userid}
	</select>
	
	<update id="updateMember">
		update member
		set pwd = #{pwd}, name=#{name}, cphone=#{cPhone}, email=#{email}
		where userid = #{userid}
	</update>
	
	<select id="idCheck" resultType="int">
		select count(*) from member where userid = #{userid}
	</select>
</mapper>