<?xml version="1.0" encoding="UTF-8" ?>
<!DOCTYPE mapper
PUBLIC "-//mybatis.org//DTD Mapper 3.0//EN"
"http://mybatis.org/dtd/mybatis-3-mapper.dtd">
<!-- 
	//게시물 개수
	public int getCount(String field, String query) throws ClassNotFoundException, SQLException;
	//전체 게시물
	public List<Notice> getNotices(int page, String field, String query) throws ClassNotFoundException, SQLException;
	//게시물 삭제
	public int delete(String seq) throws ClassNotFoundException, SQLException;
	//게시물 수정
	public int update(Notice notice) throws ClassNotFoundException, SQLException;
	//게시물 상세
	public Notice getNotice(String seq) throws ClassNotFoundException, SQLException;
	//게시물 입력
	public int insert(Notice n) throws ClassNotFoundException, SQLException; 
-->
<mapper namespace="dao.NoticeDao">
	<!-- 
	KEY POINT
	Parameter 1개 : 생략가능 > #{value} 요렇게 해도 상관없음
	Parameter 2개이상 : getCount(String field, String query)
	1. 순서
	2. 생략가능
	3. String field > param1 자동생성
	4. String query > param2 자동생성
	-->
	<select id="getCount" resultType="Integer">
		SELECT COUNT(*) CNT 
		FROM NOTICES 
		WHERE ${param1} LIKE '%${param2}%'
	</select>
	
	<!-- 
		List<Notice> getNotices(int page, String field, String query)
		Code Logic
		int srow = 1 + (page-1)*5;
		int erow = 5 + (page-1)*5; 
		
		Parameter : param1, param2, param3
	-->
	<select id="getNotices" resultType="vo.Notice">
		SELECT * FROM
			(SELECT ROWNUM NUM, N.* FROM 
				(SELECT * FROM NOTICES 
				WHERE ${param2} LIKE '%${param3}%' ORDER BY REGDATE DESC)
			 N)
		WHERE NUM BETWEEN 1 + (${param1}-1)*5 AND 5 + (${param1}-1)*5
	</select>
	
	<!--
		Notice getNotice(String seq)
		parameter 1개 생략 : param1(x)
	-->
	<select id="getNotice" resultType="vo.Notice">
		SELECT seq,title,writer,content,regdate,hit,filesrc,filesrc2 
		FROM NOTICES WHERE SEQ=#{seq}
	</select>
	
	<!-- 
		int delete(String seq)
	-->
	<delete id="delete">
		DELETE NOTICES WHERE SEQ=#{seq}
	</delete>
	
	<!-- 
		int update(Notice notice)
		vo 또는 Dto 타입의 parameter 생략가능(parameterType="vo.Notice")
		
		FILESRC=#{fileSrc},
		FILESRC2=#{fileSrc2}
		
		파일업로드 수정 안함 : null, null
		한개만 수정 : null, data.txt
		둘다 수정 : data.txt, 1.jpg
		
		#{fileSrc,jdbcType.VARCHAR} : 값이 없으면 > 기본타입 > null
	-->
	<update id="update">
		UPDATE NOTICES 
			SET TITLE=#{title},
				CONTENT=#{content}, 
				FILESRC=#{fileSrc,jdbcType=VARCHAR},
				FILESRC2=#{fileSrc2,jdbcType=VARCHAR}
		WHERE SEQ=#{seq}
	</update>
	
	<!-- 
		int insert(Notice n)
		
		parameter 생략 (Notice 객체)
		
		INSERT INTO NOTICES(SEQ, TITLE, CONTENT, WRITER, REGDATE, HIT, FILESRC , FILESRC2) 
		VALUES( (SELECT MAX(TO_NUMBER(SEQ))+1 FROM NOTICES), ?, ?, 'newleckosta', SYSDATE, 0, ?,?)
	-->
	<insert id="insert">
		<selectKey order="BEFORE" keyProperty="seq" resultType="String">
			SELECT MAX(TO_NUMBER(SEQ))+1 FROM NOTICES
		</selectKey>
		INSERT INTO NOTICES(SEQ, TITLE, CONTENT, WRITER, REGDATE, HIT, FILESRC , FILESRC2) 
		VALUES(#{seq}, #{title}, #{content}, #{writer}, SYSDATE, 0, #{fileSrc,jdbcType=VARCHAR},#{fileSrc2,jdbcType=VARCHAR})
	</insert>
</mapper>